[
    {
        "merged": "C:\\Users\\Bonny\\AndroidStudioProjects\\Image Slide\\app\\build\\intermediates\\res\\merged\\debug\\drawable-v24_ic_launcher_foreground.xml.flat",
        "source": "C:\\Users\\Bonny\\AndroidStudioProjects\\Image Slide\\app\\src\\main\\res\\drawable-v24\\ic_launcher_foreground.xml"
    },
    {
        "merged": "C:\\Users\\Bonny\\AndroidStudioProjects\\Image Slide\\app\\build\\intermediates\\res\\merged\\debug\\raw_ring.wav.flat",
        "source": "C:\\Users\\Bonny\\AndroidStudioProjects\\Image Slide\\app\\src\\main\\res\\raw\\ring.wav"
    },
    {
        "merged": "C:\\Users\\Bonny\\AndroidStudioProjects\\Image Slide\\app\\build\\intermediates\\res\\merged\\debug\\drawable_img4.jpg.flat",
        "source": "C:\\Users\\Bonny\\AndroidStudioProjects\\Image Slide\\app\\src\\main\\res\\drawable\\img4.jpg"
    },
    {
        "merged": "C:\\Users\\Bonny\\AndroidStudioProjects\\Image Slide\\app\\build\\intermediates\\res\\merged\\debug\\drawable-xhdpi_ic_launcher_background.png.flat",
        "source": "C:\\Users\\Bonny\\AndroidStudioProjects\\Image Slide\\app\\build\\generated\\res\\pngs\\debug\\drawable-xhdpi\\ic_launcher_background.png"
    },
    {
        "merged": "C:\\Users\\Bonny\\AndroidStudioProjects\\Image Slide\\app\\build\\intermediates\\res\\merged\\debug\\drawable_img1.jpg.flat",
        "source": "C:\\Users\\Bonny\\AndroidStudioProjects\\Image Slide\\app\\src\\main\\res\\drawable\\img1.jpg"
    },
    {
        "merged": "C:\\Users\\Bonny\\AndroidStudioProjects\\Image Slide\\app\\build\\intermediates\\res\\merged\\debug\\drawable-ldpi_ic_launcher_background.png.flat",
        "source": "C:\\Users\\Bonny\\AndroidStudioProjects\\Image Slide\\app\\build\\generated\\res\\pngs\\debug\\drawable-ldpi\\ic_launcher_background.png"
    },
    {
        "merged": "C:\\Users\\Bonny\\AndroidStudioProjects\\Image Slide\\app\\build\\intermediates\\res\\merged\\debug\\drawable-v24_app_icon.jpg.flat",
        "source": "C:\\Users\\Bonny\\AndroidStudioProjects\\Image Slide\\app\\src\\main\\res\\drawable-v24\\app_icon.jpg"
    },
    {
        "merged": "C:\\Users\\Bonny\\AndroidStudioProjects\\Image Slide\\app\\build\\intermediates\\res\\merged\\debug\\layout_slide_images.xml.flat",
        "source": "C:\\Users\\Bonny\\AndroidStudioProjects\\Image Slide\\app\\src\\main\\res\\layout\\slide_images.xml"
    },
    {
        "merged": "C:\\Users\\Bonny\\AndroidStudioProjects\\Image Slide\\app\\build\\intermediates\\res\\merged\\debug\\mipmap-hdpi_ic_launcher.png.flat",
        "source": "C:\\Users\\Bonny\\AndroidStudioProjects\\Image Slide\\app\\src\\main\\res\\mipmap-hdpi\\ic_launcher.png"
    },
    {
        "merged": "C:\\Users\\Bonny\\AndroidStudioProjects\\Image Slide\\app\\build\\intermediates\\res\\merged\\debug\\drawable-xxxhdpi_ic_launcher_background.png.flat",
        "source": "C:\\Users\\Bonny\\AndroidStudioProjects\\Image Slide\\app\\build\\generated\\res\\pngs\\debug\\drawable-xxxhdpi\\ic_launcher_background.png"
    },
    {
        "merged": "C:\\Users\\Bonny\\AndroidStudioProjects\\Image Slide\\app\\build\\intermediates\\res\\merged\\debug\\drawable_img3.jpg.flat",
        "source": "C:\\Users\\Bonny\\AndroidStudioProjects\\Image Slide\\app\\src\\main\\res\\drawable\\img3.jpg"
    },
    {
        "merged": "C:\\Users\\Bonny\\AndroidStudioProjects\\Image Slide\\app\\build\\intermediates\\res\\merged\\debug\\mipmap-xxhdpi_ic_launcher_round.png.flat",
        "source": "C:\\Users\\Bonny\\AndroidStudioProjects\\Image Slide\\app\\src\\main\\res\\mipmap-xxhdpi\\ic_launcher_round.png"
    },
    {
        "merged": "C:\\Users\\Bonny\\AndroidStudioProjects\\Image Slide\\app\\build\\intermediates\\res\\merged\\debug\\mipmap-anydpi-v26_ic_launcher_round.xml.flat",
        "source": "C:\\Users\\Bonny\\AndroidStudioProjects\\Image Slide\\app\\src\\main\\res\\mipmap-anydpi-v26\\ic_launcher_round.xml"
    },
    {
        "merged": "C:\\Users\\Bonny\\AndroidStudioProjects\\Image Slide\\app\\build\\intermediates\\res\\merged\\debug\\mipmap-hdpi_ic_launcher_round.png.flat",
        "source": "C:\\Users\\Bonny\\AndroidStudioProjects\\Image Slide\\app\\src\\main\\res\\mipmap-hdpi\\ic_launcher_round.png"
    },
    {
        "merged": "C:\\Users\\Bonny\\AndroidStudioProjects\\Image Slide\\app\\build\\intermediates\\res\\merged\\debug\\mipmap-xhdpi_ic_launcher_round.png.flat",
        "source": "C:\\Users\\Bonny\\AndroidStudioProjects\\Image Slide\\app\\src\\main\\res\\mipmap-xhdpi\\ic_launcher_round.png"
    },
    {
        "merged": "C:\\Users\\Bonny\\AndroidStudioProjects\\Image Slide\\app\\build\\intermediates\\res\\merged\\debug\\mipmap-xxxhdpi_ic_launcher_round.png.flat",
        "source": "C:\\Users\\Bonny\\AndroidStudioProjects\\Image Slide\\app\\src\\main\\res\\mipmap-xxxhdpi\\ic_launcher_round.png"
    },
    {
        "merged": "C:\\Users\\Bonny\\AndroidStudioProjects\\Image Slide\\app\\build\\intermediates\\res\\merged\\debug\\mipmap-anydpi-v26_ic_launcher.xml.flat",
        "source": "C:\\Users\\Bonny\\AndroidStudioProjects\\Image Slide\\app\\src\\main\\res\\mipmap-anydpi-v26\\ic_launcher.xml"
    },
    {
        "merged": "C:\\Users\\Bonny\\AndroidStudioProjects\\Image Slide\\app\\build\\intermediates\\res\\merged\\debug\\mipmap-xhdpi_ic_launcher.png.flat",
        "source": "C:\\Users\\Bonny\\AndroidStudioProjects\\Image Slide\\app\\src\\main\\res\\mipmap-xhdpi\\ic_launcher.png"
    },
    {
        "merged": "C:\\Users\\Bonny\\AndroidStudioProjects\\Image Slide\\app\\build\\intermediates\\res\\merged\\debug\\mipmap-xxxhdpi_ic_launcher.png.flat",
        "source": "C:\\Users\\Bonny\\AndroidStudioProjects\\Image Slide\\app\\src\\main\\res\\mipmap-xxxhdpi\\ic_launcher.png"
    },
    {
        "merged": "C:\\Users\\Bonny\\AndroidStudioProjects\\Image Slide\\app\\build\\intermediates\\res\\merged\\debug\\drawable-mdpi_ic_launcher_background.png.flat",
        "source": "C:\\Users\\Bonny\\AndroidStudioProjects\\Image Slide\\app\\build\\generated\\res\\pngs\\debug\\drawable-mdpi\\ic_launcher_background.png"
    },
    {
        "merged": "C:\\Users\\Bonny\\AndroidStudioProjects\\Image Slide\\app\\build\\intermediates\\res\\merged\\debug\\mipmap-xxhdpi_ic_launcher.png.flat",
        "source": "C:\\Users\\Bonny\\AndroidStudioProjects\\Image Slide\\app\\src\\main\\res\\mipmap-xxhdpi\\ic_launcher.png"
    },
    {
        "merged": "C:\\Users\\Bonny\\AndroidStudioProjects\\Image Slide\\app\\build\\intermediates\\res\\merged\\debug\\drawable-xxhdpi_ic_launcher_background.png.flat",
        "source": "C:\\Users\\Bonny\\AndroidStudioProjects\\Image Slide\\app\\build\\generated\\res\\pngs\\debug\\drawable-xxhdpi\\ic_launcher_background.png"
    },
    {
        "merged": "C:\\Users\\Bonny\\AndroidStudioProjects\\Image Slide\\app\\build\\intermediates\\res\\merged\\debug\\layout_activity_main.xml.flat",
        "source": "C:\\Users\\Bonny\\AndroidStudioProjects\\Image Slide\\app\\src\\main\\res\\layout\\activity_main.xml"
    },
    {
        "merged": "C:\\Users\\Bonny\\AndroidStudioProjects\\Image Slide\\app\\build\\intermediates\\res\\merged\\debug\\drawable_img2.jpg.flat",
        "source": "C:\\Users\\Bonny\\AndroidStudioProjects\\Image Slide\\app\\src\\main\\res\\drawable\\img2.jpg"
    },
    {
        "merged": "C:\\Users\\Bonny\\AndroidStudioProjects\\Image Slide\\app\\build\\intermediates\\res\\merged\\debug\\mipmap-mdpi_ic_launcher.png.flat",
        "source": "C:\\Users\\Bonny\\AndroidStudioProjects\\Image Slide\\app\\src\\main\\res\\mipmap-mdpi\\ic_launcher.png"
    },
    {
        "merged": "C:\\Users\\Bonny\\AndroidStudioProjects\\Image Slide\\app\\build\\intermediates\\res\\merged\\debug\\mipmap-mdpi_ic_launcher_round.png.flat",
        "source": "C:\\Users\\Bonny\\AndroidStudioProjects\\Image Slide\\app\\src\\main\\res\\mipmap-mdpi\\ic_launcher_round.png"
    },
    {
        "merged": "C:\\Users\\Bonny\\AndroidStudioProjects\\Image Slide\\app\\build\\intermediates\\res\\merged\\debug\\drawable-hdpi_ic_launcher_background.png.flat",
        "source": "C:\\Users\\Bonny\\AndroidStudioProjects\\Image Slide\\app\\build\\generated\\res\\pngs\\debug\\drawable-hdpi\\ic_launcher_background.png"
    },
    {
        "merged": "C:\\Users\\Bonny\\AndroidStudioProjects\\Image Slide\\app\\build\\intermediates\\res\\merged\\debug\\drawable-anydpi-v21_ic_launcher_background.xml.flat",
        "source": "C:\\Users\\Bonny\\AndroidStudioProjects\\Image Slide\\app\\build\\generated\\res\\pngs\\debug\\drawable-anydpi-v21\\ic_launcher_background.xml"
    }
]