{
    "logs": [
        {
            "outputFile": "C:\\Users\\Bonny\\AndroidStudioProjects\\Image Slide\\app\\build\\intermediates\\incremental\\mergeDebugResources\\merged.dir\\values-nb\\values-nb.xml",
            "map": [
                {
                    "source": "C:\\Users\\Bonny\\.gradle\\caches\\transforms-2\\files-2.1\\03736cf4bc3669a69d502627b70a527e\\core-1.1.0\\res\\values-nb\\values-nb.xml",
                    "from": {
                        "startLines": "2",
                        "startColumns": "4",
                        "startOffsets": "55",
                        "endColumns": "100",
                        "endOffsets": "151"
                    },
                    "to": {
                        "startLines": "30",
                        "startColumns": "4",
                        "startOffsets": "2816",
                        "endColumns": "100",
                        "endOffsets": "2912"
                    }
                },
                {
                    "source": "C:\\Users\\Bonny\\.gradle\\caches\\transforms-2\\files-2.1\\c2c5fa787d66aaf40578b3071f4d283f\\appcompat-1.1.0\\res\\values-nb\\values-nb.xml",
                    "from": {
                        "startLines": "2,3,4,5,6,7,8,9,10,11,12,13,14,15,16,17,18,19,20,21,22,23,24,25,26,27,28,29",
                        "startColumns": "4,4,4,4,4,4,4,4,4,4,4,4,4,4,4,4,4,4,4,4,4,4,4,4,4,4,4,4",
                        "startOffsets": "105,208,303,417,503,603,716,793,869,960,1052,1146,1240,1341,1434,1529,1627,1718,1809,1886,1989,2087,2183,2287,2386,2487,2640,2737",
                        "endColumns": "102,94,113,85,99,112,76,75,90,91,93,93,100,92,94,97,90,90,76,102,97,95,103,98,100,152,96,78",
                        "endOffsets": "203,298,412,498,598,711,788,864,955,1047,1141,1235,1336,1429,1524,1622,1713,1804,1881,1984,2082,2178,2282,2381,2482,2635,2732,2811"
                    }
                }
            ]
        }
    ]
}