{
    "logs": [
        {
            "outputFile": "C:\\Users\\Bonny\\AndroidStudioProjects\\Image Slide\\app\\build\\intermediates\\incremental\\mergeDebugResources\\merged.dir\\values-pa\\values-pa.xml",
            "map": [
                {
                    "source": "C:\\Users\\Bonny\\.gradle\\caches\\transforms-2\\files-2.1\\03736cf4bc3669a69d502627b70a527e\\core-1.1.0\\res\\values-pa\\values-pa.xml",
                    "from": {
                        "startLines": "2",
                        "startColumns": "4",
                        "startOffsets": "55",
                        "endColumns": "100",
                        "endOffsets": "151"
                    },
                    "to": {
                        "startLines": "30",
                        "startColumns": "4",
                        "startOffsets": "2846",
                        "endColumns": "100",
                        "endOffsets": "2942"
                    }
                },
                {
                    "source": "C:\\Users\\Bonny\\.gradle\\caches\\transforms-2\\files-2.1\\c2c5fa787d66aaf40578b3071f4d283f\\appcompat-1.1.0\\res\\values-pa\\values-pa.xml",
                    "from": {
                        "startLines": "2,3,4,5,6,7,8,9,10,11,12,13,14,15,16,17,18,19,20,21,22,23,24,25,26,27,28,29",
                        "startColumns": "4,4,4,4,4,4,4,4,4,4,4,4,4,4,4,4,4,4,4,4,4,4,4,4,4,4,4,4",
                        "startOffsets": "105,208,305,410,496,596,709,787,865,956,1048,1142,1236,1337,1430,1525,1619,1710,1801,1879,1989,2092,2188,2299,2401,2511,2670,2767",
                        "endColumns": "102,96,104,85,99,112,77,77,90,91,93,93,100,92,94,93,90,90,77,109,102,95,110,101,109,158,96,78",
                        "endOffsets": "203,300,405,491,591,704,782,860,951,1043,1137,1231,1332,1425,1520,1614,1705,1796,1874,1984,2087,2183,2294,2396,2506,2665,2762,2841"
                    }
                }
            ]
        }
    ]
}