{
    "logs": [
        {
            "outputFile": "C:\\Users\\Bonny\\AndroidStudioProjects\\Image Slide\\app\\build\\intermediates\\incremental\\mergeDebugResources\\merged.dir\\values-sr\\values-sr.xml",
            "map": [
                {
                    "source": "C:\\Users\\Bonny\\.gradle\\caches\\transforms-2\\files-2.1\\c2c5fa787d66aaf40578b3071f4d283f\\appcompat-1.1.0\\res\\values-sr\\values-sr.xml",
                    "from": {
                        "startLines": "2,3,4,5,6,7,8,9,10,11,12,13,14,15,16,17,18,19,20,21,22,23,24,25,26,27,28,29",
                        "startColumns": "4,4,4,4,4,4,4,4,4,4,4,4,4,4,4,4,4,4,4,4,4,4,4,4,4,4,4,4",
                        "startOffsets": "105,212,313,419,505,609,731,815,897,988,1080,1175,1269,1370,1463,1558,1663,1754,1845,1930,2035,2141,2244,2350,2459,2566,2736,2833",
                        "endColumns": "106,100,105,85,103,121,83,81,90,91,94,93,100,92,94,104,90,90,84,104,105,102,105,108,106,169,96,85",
                        "endOffsets": "207,308,414,500,604,726,810,892,983,1075,1170,1264,1365,1458,1553,1658,1749,1840,1925,2030,2136,2239,2345,2454,2561,2731,2828,2914"
                    }
                },
                {
                    "source": "C:\\Users\\Bonny\\.gradle\\caches\\transforms-2\\files-2.1\\03736cf4bc3669a69d502627b70a527e\\core-1.1.0\\res\\values-sr\\values-sr.xml",
                    "from": {
                        "startLines": "2",
                        "startColumns": "4",
                        "startOffsets": "55",
                        "endColumns": "100",
                        "endOffsets": "151"
                    },
                    "to": {
                        "startLines": "30",
                        "startColumns": "4",
                        "startOffsets": "2919",
                        "endColumns": "100",
                        "endOffsets": "3015"
                    }
                }
            ]
        }
    ]
}