{
    "logs": [
        {
            "outputFile": "C:\\Users\\Bonny\\AndroidStudioProjects\\Image Slide\\app\\build\\intermediates\\incremental\\mergeDebugResources\\merged.dir\\values-uk\\values-uk.xml",
            "map": [
                {
                    "source": "C:\\Users\\Bonny\\.gradle\\caches\\transforms-2\\files-2.1\\03736cf4bc3669a69d502627b70a527e\\core-1.1.0\\res\\values-uk\\values-uk.xml",
                    "from": {
                        "startLines": "2",
                        "startColumns": "4",
                        "startOffsets": "55",
                        "endColumns": "100",
                        "endOffsets": "151"
                    },
                    "to": {
                        "startLines": "30",
                        "startColumns": "4",
                        "startOffsets": "2910",
                        "endColumns": "100",
                        "endOffsets": "3006"
                    }
                },
                {
                    "source": "C:\\Users\\Bonny\\.gradle\\caches\\transforms-2\\files-2.1\\c2c5fa787d66aaf40578b3071f4d283f\\appcompat-1.1.0\\res\\values-uk\\values-uk.xml",
                    "from": {
                        "startLines": "2,3,4,5,6,7,8,9,10,11,12,13,14,15,16,17,18,19,20,21,22,23,24,25,26,27,28,29",
                        "startColumns": "4,4,4,4,4,4,4,4,4,4,4,4,4,4,4,4,4,4,4,4,4,4,4,4,4,4,4,4",
                        "startOffsets": "105,214,316,424,510,615,733,814,894,985,1077,1172,1266,1367,1460,1555,1650,1741,1832,1930,2036,2142,2240,2347,2454,2559,2729,2829",
                        "endColumns": "108,101,107,85,104,117,80,79,90,91,94,93,100,92,94,94,90,90,97,105,105,97,106,106,104,169,99,80",
                        "endOffsets": "209,311,419,505,610,728,809,889,980,1072,1167,1261,1362,1455,1550,1645,1736,1827,1925,2031,2137,2235,2342,2449,2554,2724,2824,2905"
                    }
                }
            ]
        }
    ]
}