{
    "logs": [
        {
            "outputFile": "C:\\Users\\Bonny\\AndroidStudioProjects\\Image Slide\\app\\build\\intermediates\\incremental\\mergeDebugResources\\merged.dir\\values-sl\\values-sl.xml",
            "map": [
                {
                    "source": "C:\\Users\\Bonny\\.gradle\\caches\\transforms-2\\files-2.1\\03736cf4bc3669a69d502627b70a527e\\core-1.1.0\\res\\values-sl\\values-sl.xml",
                    "from": {
                        "startLines": "2",
                        "startColumns": "4",
                        "startOffsets": "55",
                        "endColumns": "100",
                        "endOffsets": "151"
                    },
                    "to": {
                        "startLines": "30",
                        "startColumns": "4",
                        "startOffsets": "2934",
                        "endColumns": "100",
                        "endOffsets": "3030"
                    }
                },
                {
                    "source": "C:\\Users\\Bonny\\.gradle\\caches\\transforms-2\\files-2.1\\c2c5fa787d66aaf40578b3071f4d283f\\appcompat-1.1.0\\res\\values-sl\\values-sl.xml",
                    "from": {
                        "startLines": "2,3,4,5,6,7,8,9,10,11,12,13,14,15,16,17,18,19,20,21,22,23,24,25,26,27,28,29",
                        "startColumns": "4,4,4,4,4,4,4,4,4,4,4,4,4,4,4,4,4,4,4,4,4,4,4,4,4,4,4,4",
                        "startOffsets": "105,217,319,427,514,617,736,817,896,988,1081,1176,1270,1366,1460,1556,1656,1748,1840,1923,2031,2139,2239,2352,2460,2568,2751,2851",
                        "endColumns": "111,101,107,86,102,118,80,78,91,92,94,93,95,93,95,99,91,91,82,107,107,99,112,107,107,182,99,82",
                        "endOffsets": "212,314,422,509,612,731,812,891,983,1076,1171,1265,1361,1455,1551,1651,1743,1835,1918,2026,2134,2234,2347,2455,2563,2746,2846,2929"
                    }
                }
            ]
        }
    ]
}