{
    "logs": [
        {
            "outputFile": "C:\\Users\\Bonny\\AndroidStudioProjects\\Image Slide\\app\\build\\intermediates\\incremental\\mergeDebugResources\\merged.dir\\values-is\\values-is.xml",
            "map": [
                {
                    "source": "C:\\Users\\Bonny\\.gradle\\caches\\transforms-2\\files-2.1\\03736cf4bc3669a69d502627b70a527e\\core-1.1.0\\res\\values-is\\values-is.xml",
                    "from": {
                        "startLines": "2",
                        "startColumns": "4",
                        "startOffsets": "55",
                        "endColumns": "100",
                        "endOffsets": "151"
                    },
                    "to": {
                        "startLines": "30",
                        "startColumns": "4",
                        "startOffsets": "2859",
                        "endColumns": "100",
                        "endOffsets": "2955"
                    }
                },
                {
                    "source": "C:\\Users\\Bonny\\.gradle\\caches\\transforms-2\\files-2.1\\c2c5fa787d66aaf40578b3071f4d283f\\appcompat-1.1.0\\res\\values-is\\values-is.xml",
                    "from": {
                        "startLines": "2,3,4,5,6,7,8,9,10,11,12,13,14,15,16,17,18,19,20,21,22,23,24,25,26,27,28,29",
                        "startColumns": "4,4,4,4,4,4,4,4,4,4,4,4,4,4,4,4,4,4,4,4,4,4,4,4,4,4,4,4",
                        "startOffsets": "105,205,302,414,499,600,714,795,875,966,1058,1151,1245,1352,1445,1540,1635,1726,1820,1900,2010,2117,2214,2323,2423,2526,2681,2779",
                        "endColumns": "99,96,111,84,100,113,80,79,90,91,92,93,106,92,94,94,90,93,79,109,106,96,108,99,102,154,97,79",
                        "endOffsets": "200,297,409,494,595,709,790,870,961,1053,1146,1240,1347,1440,1535,1630,1721,1815,1895,2005,2112,2209,2318,2418,2521,2676,2774,2854"
                    }
                }
            ]
        }
    ]
}