{
    "logs": [
        {
            "outputFile": "C:\\Users\\Bonny\\AndroidStudioProjects\\Image Slide\\app\\build\\intermediates\\incremental\\mergeDebugResources\\merged.dir\\values-el\\values-el.xml",
            "map": [
                {
                    "source": "C:\\Users\\Bonny\\.gradle\\caches\\transforms-2\\files-2.1\\c2c5fa787d66aaf40578b3071f4d283f\\appcompat-1.1.0\\res\\values-el\\values-el.xml",
                    "from": {
                        "startLines": "2,3,4,5,6,7,8,9,10,11,12,13,14,15,16,17,18,19,20,21,22,23,24,25,26,27,28,29",
                        "startColumns": "4,4,4,4,4,4,4,4,4,4,4,4,4,4,4,4,4,4,4,4,4,4,4,4,4,4,4,4",
                        "startOffsets": "105,223,334,451,536,642,765,854,940,1031,1123,1218,1312,1413,1506,1601,1698,1789,1880,1964,2075,2184,2286,2397,2507,2615,2786,2886",
                        "endColumns": "117,110,116,84,105,122,88,85,90,91,94,93,100,92,94,96,90,90,83,110,108,101,110,109,107,170,99,84",
                        "endOffsets": "218,329,446,531,637,760,849,935,1026,1118,1213,1307,1408,1501,1596,1693,1784,1875,1959,2070,2179,2281,2392,2502,2610,2781,2881,2966"
                    }
                },
                {
                    "source": "C:\\Users\\Bonny\\.gradle\\caches\\transforms-2\\files-2.1\\03736cf4bc3669a69d502627b70a527e\\core-1.1.0\\res\\values-el\\values-el.xml",
                    "from": {
                        "startLines": "2",
                        "startColumns": "4",
                        "startOffsets": "55",
                        "endColumns": "100",
                        "endOffsets": "151"
                    },
                    "to": {
                        "startLines": "30",
                        "startColumns": "4",
                        "startOffsets": "2971",
                        "endColumns": "100",
                        "endOffsets": "3067"
                    }
                }
            ]
        }
    ]
}