{
    "logs": [
        {
            "outputFile": "C:\\Users\\Bonny\\AndroidStudioProjects\\Image Slide\\app\\build\\intermediates\\incremental\\mergeDebugResources\\merged.dir\\values-ky\\values-ky.xml",
            "map": [
                {
                    "source": "C:\\Users\\Bonny\\.gradle\\caches\\transforms-2\\files-2.1\\c2c5fa787d66aaf40578b3071f4d283f\\appcompat-1.1.0\\res\\values-ky\\values-ky.xml",
                    "from": {
                        "startLines": "2,3,4,5,6,7,8,9,10,11,12,13,14,15,16,17,18,19,20,21,22,23,24,25,26,27,28,29",
                        "startColumns": "4,4,4,4,4,4,4,4,4,4,4,4,4,4,4,4,4,4,4,4,4,4,4,4,4,4,4,4",
                        "startOffsets": "105,216,325,437,522,627,744,823,902,993,1085,1180,1274,1375,1468,1563,1658,1749,1840,1920,2026,2131,2229,2336,2442,2557,2718,2820",
                        "endColumns": "110,108,111,84,104,116,78,78,90,91,94,93,100,92,94,94,90,90,79,105,104,97,106,105,114,160,101,80",
                        "endOffsets": "211,320,432,517,622,739,818,897,988,1080,1175,1269,1370,1463,1558,1653,1744,1835,1915,2021,2126,2224,2331,2437,2552,2713,2815,2896"
                    }
                },
                {
                    "source": "C:\\Users\\Bonny\\.gradle\\caches\\transforms-2\\files-2.1\\03736cf4bc3669a69d502627b70a527e\\core-1.1.0\\res\\values-ky\\values-ky.xml",
                    "from": {
                        "startLines": "2",
                        "startColumns": "4",
                        "startOffsets": "55",
                        "endColumns": "100",
                        "endOffsets": "151"
                    },
                    "to": {
                        "startLines": "30",
                        "startColumns": "4",
                        "startOffsets": "2901",
                        "endColumns": "100",
                        "endOffsets": "2997"
                    }
                }
            ]
        }
    ]
}