{
    "logs": [
        {
            "outputFile": "C:\\Users\\Bonny\\AndroidStudioProjects\\Image Slide\\app\\build\\intermediates\\incremental\\mergeDebugResources\\merged.dir\\values-ka\\values-ka.xml",
            "map": [
                {
                    "source": "C:\\Users\\Bonny\\.gradle\\caches\\transforms-2\\files-2.1\\03736cf4bc3669a69d502627b70a527e\\core-1.1.0\\res\\values-ka\\values-ka.xml",
                    "from": {
                        "startLines": "2",
                        "startColumns": "4",
                        "startOffsets": "55",
                        "endColumns": "100",
                        "endOffsets": "151"
                    },
                    "to": {
                        "startLines": "30",
                        "startColumns": "4",
                        "startOffsets": "2889",
                        "endColumns": "100",
                        "endOffsets": "2985"
                    }
                },
                {
                    "source": "C:\\Users\\Bonny\\.gradle\\caches\\transforms-2\\files-2.1\\c2c5fa787d66aaf40578b3071f4d283f\\appcompat-1.1.0\\res\\values-ka\\values-ka.xml",
                    "from": {
                        "startLines": "2,3,4,5,6,7,8,9,10,11,12,13,14,15,16,17,18,19,20,21,22,23,24,25,26,27,28,29",
                        "startColumns": "4,4,4,4,4,4,4,4,4,4,4,4,4,4,4,4,4,4,4,4,4,4,4,4,4,4,4,4",
                        "startOffsets": "105,213,316,427,513,618,731,814,894,985,1077,1172,1266,1367,1460,1555,1650,1741,1832,1912,2025,2131,2229,2342,2447,2551,2709,2808",
                        "endColumns": "107,102,110,85,104,112,82,79,90,91,94,93,100,92,94,94,90,90,79,112,105,97,112,104,103,157,98,80",
                        "endOffsets": "208,311,422,508,613,726,809,889,980,1072,1167,1261,1362,1455,1550,1645,1736,1827,1907,2020,2126,2224,2337,2442,2546,2704,2803,2884"
                    }
                }
            ]
        }
    ]
}