{
    "logs": [
        {
            "outputFile": "C:\\Users\\Bonny\\AndroidStudioProjects\\Image Slide\\app\\build\\intermediates\\incremental\\mergeDebugResources\\merged.dir\\values-bs\\values-bs.xml",
            "map": [
                {
                    "source": "C:\\Users\\Bonny\\.gradle\\caches\\transforms-2\\files-2.1\\c2c5fa787d66aaf40578b3071f4d283f\\appcompat-1.1.0\\res\\values-bs\\values-bs.xml",
                    "from": {
                        "startLines": "2,3,4,5,6,7,8,9,10,11,12,13,14,15,16,17,18,19,20,21,22,23,24,25,26,27,28,29",
                        "startColumns": "4,4,4,4,4,4,4,4,4,4,4,4,4,4,4,4,4,4,4,4,4,4,4,4,4,4,4,4",
                        "startOffsets": "105,226,323,430,516,620,742,827,910,1001,1093,1188,1282,1383,1476,1571,1666,1757,1848,1935,2038,2142,2243,2348,2462,2565,2734,2830",
                        "endColumns": "120,96,106,85,103,121,84,82,90,91,94,93,100,92,94,94,90,90,86,102,103,100,104,113,102,168,95,85",
                        "endOffsets": "221,318,425,511,615,737,822,905,996,1088,1183,1277,1378,1471,1566,1661,1752,1843,1930,2033,2137,2238,2343,2457,2560,2729,2825,2911"
                    }
                },
                {
                    "source": "C:\\Users\\Bonny\\.gradle\\caches\\transforms-2\\files-2.1\\03736cf4bc3669a69d502627b70a527e\\core-1.1.0\\res\\values-bs\\values-bs.xml",
                    "from": {
                        "startLines": "2",
                        "startColumns": "4",
                        "startOffsets": "55",
                        "endColumns": "100",
                        "endOffsets": "151"
                    },
                    "to": {
                        "startLines": "30",
                        "startColumns": "4",
                        "startOffsets": "2916",
                        "endColumns": "100",
                        "endOffsets": "3012"
                    }
                }
            ]
        }
    ]
}