{
    "logs": [
        {
            "outputFile": "C:\\Users\\Bonny\\AndroidStudioProjects\\Image Slide\\app\\build\\intermediates\\incremental\\mergeDebugResources\\merged.dir\\values-mr\\values-mr.xml",
            "map": [
                {
                    "source": "C:\\Users\\Bonny\\.gradle\\caches\\transforms-2\\files-2.1\\03736cf4bc3669a69d502627b70a527e\\core-1.1.0\\res\\values-mr\\values-mr.xml",
                    "from": {
                        "startLines": "2",
                        "startColumns": "4",
                        "startOffsets": "55",
                        "endColumns": "100",
                        "endOffsets": "151"
                    },
                    "to": {
                        "startLines": "30",
                        "startColumns": "4",
                        "startOffsets": "2874",
                        "endColumns": "100",
                        "endOffsets": "2970"
                    }
                },
                {
                    "source": "C:\\Users\\Bonny\\.gradle\\caches\\transforms-2\\files-2.1\\c2c5fa787d66aaf40578b3071f4d283f\\appcompat-1.1.0\\res\\values-mr\\values-mr.xml",
                    "from": {
                        "startLines": "2,3,4,5,6,7,8,9,10,11,12,13,14,15,16,17,18,19,20,21,22,23,24,25,26,27,28,29",
                        "startColumns": "4,4,4,4,4,4,4,4,4,4,4,4,4,4,4,4,4,4,4,4,4,4,4,4,4,4,4,4",
                        "startOffsets": "105,216,322,429,519,621,733,811,889,980,1072,1165,1262,1363,1456,1551,1645,1736,1827,1906,2013,2114,2210,2319,2421,2535,2692,2795",
                        "endColumns": "110,105,106,89,101,111,77,77,90,91,92,96,100,92,94,93,90,90,78,106,100,95,108,101,113,156,102,78",
                        "endOffsets": "211,317,424,514,616,728,806,884,975,1067,1160,1257,1358,1451,1546,1640,1731,1822,1901,2008,2109,2205,2314,2416,2530,2687,2790,2869"
                    }
                }
            ]
        }
    ]
}