{
    "logs": [
        {
            "outputFile": "C:\\Users\\Bonny\\AndroidStudioProjects\\Image Slide\\app\\build\\intermediates\\incremental\\mergeDebugResources\\merged.dir\\values-hi\\values-hi.xml",
            "map": [
                {
                    "source": "C:\\Users\\Bonny\\.gradle\\caches\\transforms-2\\files-2.1\\c2c5fa787d66aaf40578b3071f4d283f\\appcompat-1.1.0\\res\\values-hi\\values-hi.xml",
                    "from": {
                        "startLines": "2,3,4,5,6,7,8,9,10,11,12,13,14,15,16,17,18,19,20,21,22,23,24,25,26,27,28,29",
                        "startColumns": "4,4,4,4,4,4,4,4,4,4,4,4,4,4,4,4,4,4,4,4,4,4,4,4,4,4,4,4",
                        "startOffsets": "105,211,309,419,505,607,728,806,884,975,1067,1162,1256,1357,1450,1545,1639,1730,1821,1901,2006,2108,2206,2316,2419,2528,2686,2787",
                        "endColumns": "105,97,109,85,101,120,77,77,90,91,94,93,100,92,94,93,90,90,79,104,101,97,109,102,108,157,100,80",
                        "endOffsets": "206,304,414,500,602,723,801,879,970,1062,1157,1251,1352,1445,1540,1634,1725,1816,1896,2001,2103,2201,2311,2414,2523,2681,2782,2863"
                    }
                },
                {
                    "source": "C:\\Users\\Bonny\\.gradle\\caches\\transforms-2\\files-2.1\\03736cf4bc3669a69d502627b70a527e\\core-1.1.0\\res\\values-hi\\values-hi.xml",
                    "from": {
                        "startLines": "2",
                        "startColumns": "4",
                        "startOffsets": "55",
                        "endColumns": "100",
                        "endOffsets": "151"
                    },
                    "to": {
                        "startLines": "30",
                        "startColumns": "4",
                        "startOffsets": "2868",
                        "endColumns": "100",
                        "endOffsets": "2964"
                    }
                }
            ]
        }
    ]
}