{
    "logs": [
        {
            "outputFile": "C:\\Users\\Bonny\\AndroidStudioProjects\\Image Slide\\app\\build\\intermediates\\incremental\\mergeDebugResources\\merged.dir\\values-ur\\values-ur.xml",
            "map": [
                {
                    "source": "C:\\Users\\Bonny\\.gradle\\caches\\transforms-2\\files-2.1\\03736cf4bc3669a69d502627b70a527e\\core-1.1.0\\res\\values-ur\\values-ur.xml",
                    "from": {
                        "startLines": "2",
                        "startColumns": "4",
                        "startOffsets": "55",
                        "endColumns": "100",
                        "endOffsets": "151"
                    },
                    "to": {
                        "startLines": "30",
                        "startColumns": "4",
                        "startOffsets": "2917",
                        "endColumns": "100",
                        "endOffsets": "3013"
                    }
                },
                {
                    "source": "C:\\Users\\Bonny\\.gradle\\caches\\transforms-2\\files-2.1\\c2c5fa787d66aaf40578b3071f4d283f\\appcompat-1.1.0\\res\\values-ur\\values-ur.xml",
                    "from": {
                        "startLines": "2,3,4,5,6,7,8,9,10,11,12,13,14,15,16,17,18,19,20,21,22,23,24,25,26,27,28,29",
                        "startColumns": "4,4,4,4,4,4,4,4,4,4,4,4,4,4,4,4,4,4,4,4,4,4,4,4,4,4,4,4",
                        "startOffsets": "105,219,325,434,520,624,744,821,897,989,1082,1177,1271,1373,1467,1563,1657,1749,1841,1925,2033,2139,2241,2352,2453,2569,2734,2832",
                        "endColumns": "113,105,108,85,103,119,76,75,91,92,94,93,101,93,95,93,91,91,83,107,105,101,110,100,115,164,97,84",
                        "endOffsets": "214,320,429,515,619,739,816,892,984,1077,1172,1266,1368,1462,1558,1652,1744,1836,1920,2028,2134,2236,2347,2448,2564,2729,2827,2912"
                    }
                }
            ]
        }
    ]
}